Total_lineas_analizadas,EW_medio_fixed,EW_max_fixed,EW_min_fixed,EW_std_fixed,EW_medio_auto,Correlacion_metodos
622,0.0816764981656901,0.4470685284638272,0.0023929955860965864,0.07227018970454775,0.039625832842999725,0.5950103384915724
