lambda,Area
406.4742, 69.45770000001983
407.2888, 56.32720000002462
426.1674, 17.968999999993684
427.2963, 392.51490000002593
430.9114, 112.03149999997811
432.6979, 26.71049999999252
438.4777, 178.00229999995076
440.5988, 39.94960000003255
