name,A,B
Silica,1.4580,0.00354
BK7,1.5046,0.00420
